Địa điểm quan trắc;Triều;Ký hiệu;Tên viết tắt;Địa chỉ (tiếng Việt);Tên nơi lấy mẫu;Tên vị trí;Tên vị trí mẫu lặp;Tên vị trí mẫu trắng hiện trường;Tên vị trí mẫu trắng vận chuyển;Tên vị trí mẫu trắng thiết bị
Kênh Tẻ;Triều Lên;HCM_NM_KT;HCM_NM_KT_L;Khu vực cầu Kênh Tẻ trên đường Nguyễn Hữu Thọ;Kênh Tẻ - HCM_NM_KT - Triều Lên;Kênh Tẻ - Triều Lên;Kênh Tẻ - Triều Lên (QC - Mẫu lặp hiện trường);Kênh Tẻ - Triều Lên (QC - Mẫu trắng hiện trường);Kênh Tẻ - Triều Lên (QC - Mẫu trắng vận chuyển);Kênh Tẻ - Triều Lên (QC - Mẫu trắng thiết bị)
Kênh Tẻ;Triều Xuống;HCM_NM_KT;HCM_NM_KT_X;Khu vực cầu Kênh Tẻ trên đường Nguyễn Hữu Thọ;Kênh Tẻ - HCM_NM_KT - Triều Xuống;Kênh Tẻ - Triều Xuống;Kênh Tẻ - Triều Xuống (QC - Mẫu lặp hiện trường);Kênh Tẻ - Triều Xuống (QC - Mẫu trắng hiện trường);Kênh Tẻ - Triều Xuống (QC - Mẫu trắng vận chuyển);Kênh Tẻ - Triều Xuống (QC - Mẫu trắng thiết bị)
Lê Văn Sỹ;Triều Lên;HCM_NM_LVS;HCM_NM_LVS_L;Khu vực cầu Lê Văn Sỹ, nối đường Lê Văn Sỹ và đường Trần Quốc Thảo;Lê Văn Sỹ - HCM_NM_LVS - Triều Lên;Lê Văn Sỹ - Triều Lên;Lê Văn Sỹ - Triều Lên (QC - Mẫu lặp hiện trường);Lê Văn Sỹ - Triều Lên (QC - Mẫu trắng hiện trường);Lê Văn Sỹ - Triều Lên (QC - Mẫu trắng vận chuyển);Lê Văn Sỹ - Triều Lên (QC - Mẫu trắng thiết bị)
Lê Văn Sỹ;Triều Xuống;HCM_NM_LVS;HCM_NM_LVS_X;Khu vực cầu Lê Văn Sỹ, nối đường Lê Văn Sỹ và đường Trần Quốc Thảo;Lê Văn Sỹ - HCM_NM_LVS - Triều Xuống;Lê Văn Sỹ - Triều Xuống;Lê Văn Sỹ - Triều Xuống (QC - Mẫu lặp hiện trường);Lê Văn Sỹ - Triều Xuống (QC - Mẫu trắng hiện trường);Lê Văn Sỹ - Triều Xuống (QC - Mẫu trắng vận chuyển);Lê Văn Sỹ - Triều Xuống (QC - Mẫu trắng thiết bị)
Long Hậu Tân Kim;Triều Lên;HCM_NM_LHTK;HCM_NM_LHTK_L;Tại bến phà Long Hậu – Tân Kim;Long Hậu Tân Kim - HCM_NM_LHTK - Triều Lên;Long Hậu Tân Kim - Triều Lên;Long Hậu Tân Kim - Triều Lên (QC - Mẫu lặp hiện trường);Long Hậu Tân Kim - Triều Lên (QC - Mẫu trắng hiện trường);Long Hậu Tân Kim - Triều Lên (QC - Mẫu trắng vận chuyển);Long Hậu Tân Kim - Triều Lên (QC - Mẫu trắng thiết bị)
Long Hậu Tân Kim;Triều Xuống;HCM_NM_LHTK;HCM_NM_LHTK_X;Tại bến phà Long Hậu – Tân Kim;Long Hậu Tân Kim - HCM_NM_LHTK - Triều Xuống;Long Hậu Tân Kim - Triều Xuống;Long Hậu Tân Kim - Triều Xuống (QC - Mẫu lặp hiện trường);Long Hậu Tân Kim - Triều Xuống (QC - Mẫu trắng hiện trường);Long Hậu Tân Kim - Triều Xuống (QC - Mẫu trắng vận chuyển);Long Hậu Tân Kim - Triều Xuống (QC - Mẫu trắng thiết bị)
Long Phước;Triều Lên;HCM_NM_LP;HCM_NM_LP_L;Cách hợp lưu Sông Tắc – Sông Sài Gòn 500m về phía hạ lưu.;Long Phước - HCM_NM_LP - Triều Lên;Long Phước - Triều Lên;Long Phước - Triều Lên (QC - Mẫu lặp hiện trường);Long Phước - Triều Lên (QC - Mẫu trắng hiện trường);Long Phước - Triều Lên (QC - Mẫu trắng vận chuyển);Long Phước - Triều Lên (QC - Mẫu trắng thiết bị)
Long Phước;Triều Xuống;HCM_NM_LP;HCM_NM_LP_X;Cách hợp lưu Sông Tắc – Sông Sài Gòn 500m về phía hạ lưu.;Long Phước - HCM_NM_LP - Triều Xuống;Long Phước - Triều Xuống;Long Phước - Triều Xuống (QC - Mẫu lặp hiện trường);Long Phước - Triều Xuống (QC - Mẫu trắng hiện trường);Long Phước - Triều Xuống (QC - Mẫu trắng vận chuyển);Long Phước - Triều Xuống (QC - Mẫu trắng thiết bị)
Lòng Tàu;Triều Lên;HCM_NM_LT;HCM_NM_LT_L;Xã Cần Giờ - Cách đoạn phân nhánh sông Lòng Tàu – Đồng Tranh 1,39km.;Lòng Tàu - HCM_NM_LT - Triều Lên;Lòng Tàu - Triều Lên;Lòng Tàu - Triều Lên (QC - Mẫu lặp hiện trường);Lòng Tàu - Triều Lên (QC - Mẫu trắng hiện trường);Lòng Tàu - Triều Lên (QC - Mẫu trắng vận chuyển);Lòng Tàu - Triều Lên (QC - Mẫu trắng thiết bị)
Lòng Tàu;Triều Xuống;HCM_NM_LT;HCM_NM_LT_X;Xã Cần Giờ - Cách đoạn phân nhánh sông Lòng Tàu – Đồng Tranh 1,39km.;Lòng Tàu - HCM_NM_LT - Triều Xuống;Lòng Tàu - Triều Xuống;Lòng Tàu - Triều Xuống (QC - Mẫu lặp hiện trường);Lòng Tàu - Triều Xuống (QC - Mẫu trắng hiện trường);Lòng Tàu - Triều Xuống (QC - Mẫu trắng vận chuyển);Lòng Tàu - Triều Xuống (QC - Mẫu trắng thiết bị)
Lòng Tàu 1;Triều Lên;HCM_NM_LT1;HCM_NM_LT1_L;Xã Cần Giờ -Sau hợp lưu sông Lòng Tàu, sông Đồng Tranh, sông Dừa 2 km.;Lòng Tàu 1 - HCM_NM_LT1 - Triều Lên;Lòng Tàu 1 - Triều Lên;Lòng Tàu 1 - Triều Lên (QC - Mẫu lặp hiện trường);Lòng Tàu 1 - Triều Lên (QC - Mẫu trắng hiện trường);Lòng Tàu 1 - Triều Lên (QC - Mẫu trắng vận chuyển);Lòng Tàu 1 - Triều Lên (QC - Mẫu trắng thiết bị)
Lòng Tàu 1;Triều Xuống;HCM_NM_LT1;HCM_NM_LT1_X;Xã Cần Giờ -Sau hợp lưu sông Lòng Tàu, sông Đồng Tranh, sông Dừa 2 km.;Lòng Tàu 1 - HCM_NM_LT1 - Triều Xuống;Lòng Tàu 1 - Triều Xuống;Lòng Tàu 1 - Triều Xuống (QC - Mẫu lặp hiện trường);Lòng Tàu 1 - Triều Xuống (QC - Mẫu trắng hiện trường);Lòng Tàu 1 - Triều Xuống (QC - Mẫu trắng vận chuyển);Lòng Tàu 1 - Triều Xuống (QC - Mẫu trắng thiết bị)
Lương Bèo;Triều Lên;HCM_NM_LB;HCM_NM_LB_L;Tại khu vực cầu Lương Bèo;Lương Bèo - HCM_NM_LB - Triều Lên;Lương Bèo - Triều Lên;Lương Bèo - Triều Lên (QC - Mẫu lặp hiện trường);Lương Bèo - Triều Lên (QC - Mẫu trắng hiện trường);Lương Bèo - Triều Lên (QC - Mẫu trắng vận chuyển);Lương Bèo - Triều Lên (QC - Mẫu trắng thiết bị)
Lương Bèo;Triều Xuống;HCM_NM_LB;HCM_NM_LB_X;Tại khu vực cầu Lương Bèo;Lương Bèo - HCM_NM_LB - Triều Xuống;Lương Bèo - Triều Xuống;Lương Bèo - Triều Xuống (QC - Mẫu lặp hiện trường);Lương Bèo - Triều Xuống (QC - Mẫu trắng hiện trường);Lương Bèo - Triều Xuống (QC - Mẫu trắng vận chuyển);Lương Bèo - Triều Xuống (QC - Mẫu trắng thiết bị)
Mũi Đèn Đỏ;Triều Lên;HCM_NM_MĐĐ;HCM_NM_MĐĐ_L;Mũi Đèn Đỏ, Phường Phú Thuận (Cách hợp lưu của Sông Đồng Nai với sông Sài Gòn 2 km).;Mũi Đèn Đỏ - HCM_NM_MĐĐ - Triều Lên;Mũi Đèn Đỏ - Triều Lên;Mũi Đèn Đỏ - Triều Lên (QC - Mẫu lặp hiện trường);Mũi Đèn Đỏ - Triều Lên (QC - Mẫu trắng hiện trường);Mũi Đèn Đỏ - Triều Lên (QC - Mẫu trắng vận chuyển);Mũi Đèn Đỏ - Triều Lên (QC - Mẫu trắng thiết bị)
Mũi Đèn Đỏ;Triều Xuống;HCM_NM_MĐĐ;HCM_NM_MĐĐ_X;Mũi Đèn Đỏ, Phường Phú Thuận (Cách hợp lưu của Sông Đồng Nai với sông Sài Gòn 2 km).;Mũi Đèn Đỏ - HCM_NM_MĐĐ - Triều Xuống;Mũi Đèn Đỏ - Triều Xuống;Mũi Đèn Đỏ - Triều Xuống (QC - Mẫu lặp hiện trường);Mũi Đèn Đỏ - Triều Xuống (QC - Mẫu trắng hiện trường);Mũi Đèn Đỏ - Triều Xuống (QC - Mẫu trắng vận chuyển);Mũi Đèn Đỏ - Triều Xuống (QC - Mẫu trắng thiết bị)
Ngã Bảy;Triều Lên;HCM_NM_N7;HCM_NM_N7_L;Xã Cần Giờ - Gần cửa sông Lòng Tàu 2 km.;Ngã Bảy - HCM_NM_N7 - Triều Lên;Ngã Bảy - Triều Lên;Ngã Bảy - Triều Lên (QC - Mẫu lặp hiện trường);Ngã Bảy - Triều Lên (QC - Mẫu trắng hiện trường);Ngã Bảy - Triều Lên (QC - Mẫu trắng vận chuyển);Ngã Bảy - Triều Lên (QC - Mẫu trắng thiết bị)
Ngã Bảy;Triều Xuống;HCM_NM_N7;HCM_NM_N7_X;Xã Cần Giờ - Gần cửa sông Lòng Tàu 2 km.;Ngã Bảy - HCM_NM_N7 - Triều Xuống;Ngã Bảy - Triều Xuống;Ngã Bảy - Triều Xuống (QC - Mẫu lặp hiện trường);Ngã Bảy - Triều Xuống (QC - Mẫu trắng hiện trường);Ngã Bảy - Triều Xuống (QC - Mẫu trắng vận chuyển);Ngã Bảy - Triều Xuống (QC - Mẫu trắng thiết bị)
Nhà Bè;Triều Lên;HCM_NM_NB;HCM_NM_NB_L;Phà Bình Khánh, xã Nhà Bè (Thượng lưu ngã ba Đồng Nai Lòng Tàu 600 m).;Nhà Bè - HCM_NM_NB - Triều Lên;Nhà Bè - Triều Lên;Nhà Bè - Triều Lên (QC - Mẫu lặp hiện trường);Nhà Bè - Triều Lên (QC - Mẫu trắng hiện trường);Nhà Bè - Triều Lên (QC - Mẫu trắng vận chuyển);Nhà Bè - Triều Lên (QC - Mẫu trắng thiết bị)
Nhà Bè;Triều Xuống;HCM_NM_NB;HCM_NM_NB_X;Phà Bình Khánh, xã Nhà Bè (Thượng lưu ngã ba Đồng Nai Lòng Tàu 600 m).;Nhà Bè - HCM_NM_NB - Triều Xuống;Nhà Bè - Triều Xuống;Nhà Bè - Triều Xuống (QC - Mẫu lặp hiện trường);Nhà Bè - Triều Xuống (QC - Mẫu trắng hiện trường);Nhà Bè - Triều Xuống (QC - Mẫu trắng vận chuyển);Nhà Bè - Triều Xuống (QC - Mẫu trắng thiết bị)
Nhị Thiên Đường;Triều Lên;HCM_NM_NTĐ;HCM_NM_NTĐ_L;Khu vực cầu Nhị Thiên Đường, phường Bình Đông;Nhị Thiên Đường - HCM_NM_NTĐ - Triều Lên;Nhị Thiên Đường - Triều Lên;Nhị Thiên Đường - Triều Lên (QC - Mẫu lặp hiện trường);Nhị Thiên Đường - Triều Lên (QC - Mẫu trắng hiện trường);Nhị Thiên Đường - Triều Lên (QC - Mẫu trắng vận chuyển);Nhị Thiên Đường - Triều Lên (QC - Mẫu trắng thiết bị)
Nhị Thiên Đường;Triều Xuống;HCM_NM_NTĐ;HCM_NM_NTĐ_X;Khu vực cầu Nhị Thiên Đường, phường Bình Đông;Nhị Thiên Đường - HCM_NM_NTĐ - Triều Xuống;Nhị Thiên Đường - Triều Xuống;Nhị Thiên Đường - Triều Xuống (QC - Mẫu lặp hiện trường);Nhị Thiên Đường - Triều Xuống (QC - Mẫu trắng hiện trường);Nhị Thiên Đường - Triều Xuống (QC - Mẫu trắng vận chuyển);Nhị Thiên Đường - Triều Xuống (QC - Mẫu trắng thiết bị)
Nước Đen;Triều Lên;HCM_NM_NĐ;HCM_NM_NĐ_L;Gần khu vực đường Tân Kỳ Tân Quý giao kênh Nước Đen;Nước Đen - HCM_NM_NĐ - Triều Lên;Nước Đen - Triều Lên;Nước Đen - Triều Lên (QC - Mẫu lặp hiện trường);Nước Đen - Triều Lên (QC - Mẫu trắng hiện trường);Nước Đen - Triều Lên (QC - Mẫu trắng vận chuyển);Nước Đen - Triều Lên (QC - Mẫu trắng thiết bị)
Nước Đen;Triều Xuống;HCM_NM_NĐ;HCM_NM_NĐ_X;Gần khu vực đường Tân Kỳ Tân Quý giao kênh Nước Đen;Nước Đen - HCM_NM_NĐ - Triều Xuống;Nước Đen - Triều Xuống;Nước Đen - Triều Xuống (QC - Mẫu lặp hiện trường);Nước Đen - Triều Xuống (QC - Mẫu trắng hiện trường);Nước Đen - Triều Xuống (QC - Mẫu trắng vận chuyển);Nước Đen - Triều Xuống (QC - Mẫu trắng thiết bị)
Nước Lên;Triều Lên;HCM_NM_NL;HCM_NM_NL_L;Khu vực cách cầu Nước Lên 20m về phía thượng nguồn;Nước Lên - HCM_NM_NL - Triều Lên;Nước Lên - Triều Lên;Nước Lên - Triều Lên (QC - Mẫu lặp hiện trường);Nước Lên - Triều Lên (QC - Mẫu trắng hiện trường);Nước Lên - Triều Lên (QC - Mẫu trắng vận chuyển);Nước Lên - Triều Lên (QC - Mẫu trắng thiết bị)
Nước Lên;Triều Xuống;HCM_NM_NL;HCM_NM_NL_X;Khu vực cách cầu Nước Lên 20m về phía thượng nguồn;Nước Lên - HCM_NM_NL - Triều Xuống;Nước Lên - Triều Xuống;Nước Lên - Triều Xuống (QC - Mẫu lặp hiện trường);Nước Lên - Triều Xuống (QC - Mẫu trắng hiện trường);Nước Lên - Triều Xuống (QC - Mẫu trắng vận chuyển);Nước Lên - Triều Xuống (QC - Mẫu trắng thiết bị)
Ông Buông;Triều Lên;HCM_NM_OB;HCM_NM_OB_L;Khu vực cầu Ông Buông, Phường Bình Tây;Ông Buông - HCM_NM_OB - Triều Lên;Ông Buông - Triều Lên;Ông Buông - Triều Lên (QC - Mẫu lặp hiện trường);Ông Buông - Triều Lên (QC - Mẫu trắng hiện trường);Ông Buông - Triều Lên (QC - Mẫu trắng vận chuyển);Ông Buông - Triều Lên (QC - Mẫu trắng thiết bị)
Ông Buông;Triều Xuống;HCM_NM_OB;HCM_NM_OB_X;Khu vực cầu Ông Buông, Phường Bình Tây;Ông Buông - HCM_NM_OB - Triều Xuống;Ông Buông - Triều Xuống;Ông Buông - Triều Xuống (QC - Mẫu lặp hiện trường);Ông Buông - Triều Xuống (QC - Mẫu trắng hiện trường);Ông Buông - Triều Xuống (QC - Mẫu trắng vận chuyển);Ông Buông - Triều Xuống (QC - Mẫu trắng thiết bị)
Ông Lớn;Triều Lên;HCM_NM_OL;HCM_NM_OL_L;Khu vực cầu Ông Lớn trên đường Nguyễn Văn Linh;Ông Lớn - HCM_NM_OL - Triều Lên;Ông Lớn - Triều Lên;Ông Lớn - Triều Lên (QC - Mẫu lặp hiện trường);Ông Lớn - Triều Lên (QC - Mẫu trắng hiện trường);Ông Lớn - Triều Lên (QC - Mẫu trắng vận chuyển);Ông Lớn - Triều Lên (QC - Mẫu trắng thiết bị)
Ông Lớn;Triều Xuống;HCM_NM_OL;HCM_NM_OL_X;Khu vực cầu Ông Lớn trên đường Nguyễn Văn Linh;Ông Lớn - HCM_NM_OL - Triều Xuống;Ông Lớn - Triều Xuống;Ông Lớn - Triều Xuống (QC - Mẫu lặp hiện trường);Ông Lớn - Triều Xuống (QC - Mẫu trắng hiện trường);Ông Lớn - Triều Xuống (QC - Mẫu trắng vận chuyển);Ông Lớn - Triều Xuống (QC - Mẫu trắng thiết bị)
Phú Định;Triều Lên;HCM_NM_PĐ;HCM_NM_PĐ_L;Khu vực gần Bến đò Hội Đồng, khúc giao giữa đường Lưu Hữu Phước và đường Cầu Bến Tranh;Phú Định - HCM_NM_PĐ - Triều Lên;Phú Định - Triều Lên;Phú Định - Triều Lên (QC - Mẫu lặp hiện trường);Phú Định - Triều Lên (QC - Mẫu trắng hiện trường);Phú Định - Triều Lên (QC - Mẫu trắng vận chuyển);Phú Định - Triều Lên (QC - Mẫu trắng thiết bị)
Phú Định;Triều Xuống;HCM_NM_PĐ;HCM_NM_PĐ_X;Khu vực gần Bến đò Hội Đồng, khúc giao giữa đường Lưu Hữu Phước và đường Cầu Bến Tranh;Phú Định - HCM_NM_PĐ - Triều Xuống;Phú Định - Triều Xuống;Phú Định - Triều Xuống (QC - Mẫu lặp hiện trường);Phú Định - Triều Xuống (QC - Mẫu trắng hiện trường);Phú Định - Triều Xuống (QC - Mẫu trắng vận chuyển);Phú Định - Triều Xuống (QC - Mẫu trắng thiết bị)
Phú Mỹ;Triều Lên;HCM_NM_PM;HCM_NM_PM_L;Gần cầu Thời Đại, Phường Bình Trưng.;Phú Mỹ - HCM_NM_PM - Triều Lên;Phú Mỹ - Triều Lên;Phú Mỹ - Triều Lên (QC - Mẫu lặp hiện trường);Phú Mỹ - Triều Lên (QC - Mẫu trắng hiện trường);Phú Mỹ - Triều Lên (QC - Mẫu trắng vận chuyển);Phú Mỹ - Triều Lên (QC - Mẫu trắng thiết bị)
Phú Mỹ;Triều Xuống;HCM_NM_PM;HCM_NM_PM_X;Gần cầu Thời Đại, Phường Bình Trưng.;Phú Mỹ - HCM_NM_PM - Triều Xuống;Phú Mỹ - Triều Xuống;Phú Mỹ - Triều Xuống (QC - Mẫu lặp hiện trường);Phú Mỹ - Triều Xuống (QC - Mẫu trắng hiện trường);Phú Mỹ - Triều Xuống (QC - Mẫu trắng vận chuyển);Phú Mỹ - Triều Xuống (QC - Mẫu trắng thiết bị)
Phú Xuân;Triều Lên;HCM_NM_PX;HCM_NM_PX_L;Khu vực cầu Phú Xuân, đường Huỳnh Tấn Phát, Xã Hiệp Phước;Phú Xuân - HCM_NM_PX - Triều Lên;Phú Xuân - Triều Lên;Phú Xuân - Triều Lên (QC - Mẫu lặp hiện trường);Phú Xuân - Triều Lên (QC - Mẫu trắng hiện trường);Phú Xuân - Triều Lên (QC - Mẫu trắng vận chuyển);Phú Xuân - Triều Lên (QC - Mẫu trắng thiết bị)
Phú Xuân;Triều Xuống;HCM_NM_PX;HCM_NM_PX_X;Khu vực cầu Phú Xuân, đường Huỳnh Tấn Phát, Xã Hiệp Phước;Phú Xuân - HCM_NM_PX - Triều Xuống;Phú Xuân - Triều Xuống;Phú Xuân - Triều Xuống (QC - Mẫu lặp hiện trường);Phú Xuân - Triều Xuống (QC - Mẫu trắng hiện trường);Phú Xuân - Triều Xuống (QC - Mẫu trắng vận chuyển);Phú Xuân - Triều Xuống (QC - Mẫu trắng thiết bị)
Rạch Ngựa;Triều Lên;HCM_NM_RN;HCM_NM_RN_L;Khu vực cầu Phú Định, đoạn hợp lưu rạch Ruột Ngựa – kênh Lò Gốm;Rạch Ngựa - HCM_NM_RN - Triều Lên;Rạch Ngựa - Triều Lên;Rạch Ngựa - Triều Lên (QC - Mẫu lặp hiện trường);Rạch Ngựa - Triều Lên (QC - Mẫu trắng hiện trường);Rạch Ngựa - Triều Lên (QC - Mẫu trắng vận chuyển);Rạch Ngựa - Triều Lên (QC - Mẫu trắng thiết bị)
Rạch Ngựa;Triều Xuống;HCM_NM_RN;HCM_NM_RN_X;Khu vực cầu Phú Định, đoạn hợp lưu rạch Ruột Ngựa – kênh Lò Gốm;Rạch Ngựa - HCM_NM_RN - Triều Xuống;Rạch Ngựa - Triều Xuống;Rạch Ngựa - Triều Xuống (QC - Mẫu lặp hiện trường);Rạch Ngựa - Triều Xuống (QC - Mẫu trắng hiện trường);Rạch Ngựa - Triều Xuống (QC - Mẫu trắng vận chuyển);Rạch Ngựa - Triều Xuống (QC - Mẫu trắng thiết bị)
Rau Răm;Triều Lên;HCM_NM_RR;HCM_NM_RR_L;Tại khu vực cầu Rau Răm;Rau Răm - HCM_NM_RR - Triều Lên;Rau Răm - Triều Lên;Rau Răm - Triều Lên (QC - Mẫu lặp hiện trường);Rau Răm - Triều Lên (QC - Mẫu trắng hiện trường);Rau Răm - Triều Lên (QC - Mẫu trắng vận chuyển);Rau Răm - Triều Lên (QC - Mẫu trắng thiết bị)
Rau Răm;Triều Xuống;HCM_NM_RR;HCM_NM_RR_X;Tại khu vực cầu Rau Răm;Rau Răm - HCM_NM_RR - Triều Xuống;Rau Răm - Triều Xuống;Rau Răm - Triều Xuống (QC - Mẫu lặp hiện trường);Rau Răm - Triều Xuống (QC - Mẫu trắng hiện trường);Rau Răm - Triều Xuống (QC - Mẫu trắng vận chuyển);Rau Răm - Triều Xuống (QC - Mẫu trắng thiết bị)
Sài Gòn;Triều Lên;HCM_NM_SG;HCM_NM_SG_L;Cầu Sài Gòn KTĐ mới Thủ Thiêm Sông Sài Gòn.;Sài Gòn - HCM_NM_SG - Triều Lên;Sài Gòn - Triều Lên;Sài Gòn - Triều Lên (QC - Mẫu lặp hiện trường);Sài Gòn - Triều Lên (QC - Mẫu trắng hiện trường);Sài Gòn - Triều Lên (QC - Mẫu trắng vận chuyển);Sài Gòn - Triều Lên (QC - Mẫu trắng thiết bị)
Sài Gòn;Triều Xuống;HCM_NM_SG;HCM_NM_SG_X;Cầu Sài Gòn KTĐ mới Thủ Thiêm Sông Sài Gòn.;Sài Gòn - HCM_NM_SG - Triều Xuống;Sài Gòn - Triều Xuống;Sài Gòn - Triều Xuống (QC - Mẫu lặp hiện trường);Sài Gòn - Triều Xuống (QC - Mẫu trắng hiện trường);Sài Gòn - Triều Xuống (QC - Mẫu trắng vận chuyển);Sài Gòn - Triều Xuống (QC - Mẫu trắng thiết bị)
Tam Thôn Hiệp;Triều Lên;HCM_NM_TTH;HCM_NM_TTH_L;Xã Cần Giờ - Thượng lưu ngã ba Tắc Rỗi 800m sông Lòng Tàu.;Tam Thôn Hiệp - HCM_NM_TTH - Triều Lên;Tam Thôn Hiệp - Triều Lên;Tam Thôn Hiệp - Triều Lên (QC - Mẫu lặp hiện trường);Tam Thôn Hiệp - Triều Lên (QC - Mẫu trắng hiện trường);Tam Thôn Hiệp - Triều Lên (QC - Mẫu trắng vận chuyển);Tam Thôn Hiệp - Triều Lên (QC - Mẫu trắng thiết bị)
Tam Thôn Hiệp;Triều Xuống;HCM_NM_TTH;HCM_NM_TTH_X;Xã Cần Giờ - Thượng lưu ngã ba Tắc Rỗi 800m sông Lòng Tàu.;Tam Thôn Hiệp - HCM_NM_TTH - Triều Xuống;Tam Thôn Hiệp - Triều Xuống;Tam Thôn Hiệp - Triều Xuống (QC - Mẫu lặp hiện trường);Tam Thôn Hiệp - Triều Xuống (QC - Mẫu trắng hiện trường);Tam Thôn Hiệp - Triều Xuống (QC - Mẫu trắng vận chuyển);Tam Thôn Hiệp - Triều Xuống (QC - Mẫu trắng thiết bị)
Tân Phú Trung;Triều Lên;HCM_NM_TPT;HCM_NM_TPT_L;Dọc đường Tam Tân cách ngã giao kênh Thầy Cai và kênh An Hạ 1km về phía Tây;Tân Phú Trung - HCM_NM_TPT - Triều Lên;Tân Phú Trung - Triều Lên;Tân Phú Trung - Triều Lên (QC - Mẫu lặp hiện trường);Tân Phú Trung - Triều Lên (QC - Mẫu trắng hiện trường);Tân Phú Trung - Triều Lên (QC - Mẫu trắng vận chuyển);Tân Phú Trung - Triều Lên (QC - Mẫu trắng thiết bị)
Tân Phú Trung;Triều Xuống;HCM_NM_TPT;HCM_NM_TPT_X;Dọc đường Tam Tân cách ngã giao kênh Thầy Cai và kênh An Hạ 1km về phía Tây;Tân Phú Trung - HCM_NM_TPT - Triều Xuống;Tân Phú Trung - Triều Xuống;Tân Phú Trung - Triều Xuống (QC - Mẫu lặp hiện trường);Tân Phú Trung - Triều Xuống (QC - Mẫu trắng hiện trường);Tân Phú Trung - Triều Xuống (QC - Mẫu trắng vận chuyển);Tân Phú Trung - Triều Xuống (QC - Mẫu trắng thiết bị)
Tân Tạo;Triều Lên;HCM_NM_TTa;HCM_NM_TTa_L;Gần khu vực cầu Tân Tạo 2;Tân Tạo - HCM_NM_TTa - Triều Lên;Tân Tạo - Triều Lên;Tân Tạo - Triều Lên (QC - Mẫu lặp hiện trường);Tân Tạo - Triều Lên (QC - Mẫu trắng hiện trường);Tân Tạo - Triều Lên (QC - Mẫu trắng vận chuyển);Tân Tạo - Triều Lên (QC - Mẫu trắng thiết bị)
Tân Tạo;Triều Xuống;HCM_NM_TTa;HCM_NM_TTa_X;Gần khu vực cầu Tân Tạo 2;Tân Tạo - HCM_NM_TTa - Triều Xuống;Tân Tạo - Triều Xuống;Tân Tạo - Triều Xuống (QC - Mẫu lặp hiện trường);Tân Tạo - Triều Xuống (QC - Mẫu trắng hiện trường);Tân Tạo - Triều Xuống (QC - Mẫu trắng vận chuyển);Tân Tạo - Triều Xuống (QC - Mẫu trắng thiết bị)
Tân Thuận;Triều Lên;HCM_NM_TThu;HCM_NM_TThu_L;Khu vực cầu Tân Thuận, phường Tân Thuận. Đoạn kênh Tẻ đổ ra sông Sài Gòn;Tân Thuận - HCM_NM_TThu - Triều Lên;Tân Thuận - Triều Lên;Tân Thuận - Triều Lên (QC - Mẫu lặp hiện trường);Tân Thuận - Triều Lên (QC - Mẫu trắng hiện trường);Tân Thuận - Triều Lên (QC - Mẫu trắng vận chuyển);Tân Thuận - Triều Lên (QC - Mẫu trắng thiết bị)
Tân Thuận;Triều Xuống;HCM_NM_TThu;HCM_NM_TThu_X;Khu vực cầu Tân Thuận, phường Tân Thuận. Đoạn kênh Tẻ đổ ra sông Sài Gòn;Tân Thuận - HCM_NM_TThu - Triều Xuống;Tân Thuận - Triều Xuống;Tân Thuận - Triều Xuống (QC - Mẫu lặp hiện trường);Tân Thuận - Triều Xuống (QC - Mẫu trắng hiện trường);Tân Thuận - Triều Xuống (QC - Mẫu trắng vận chuyển);Tân Thuận - Triều Xuống (QC - Mẫu trắng thiết bị)
TBNM1;1;HCM_NM_TBNM1;HCM_NM_TBNM1_01;Kênh Thầy Cai – cách ngã 3 kênh 15 và kênh Thầy Cai khoảng 500 m về hướng dân cư.;TBNM1 - HCM_NM_TBNM1 - 01;TBNM1 - 01;TBNM1 - 01 (QC - Mẫu lặp hiện trường);TBNM1 - 01 (QC - Mẫu trắng hiện trường);TBNM1 - 01 (QC - Mẫu trắng vận chuyển);TBNM1 - 01 (QC - Mẫu trắng thiết bị)
TBNM1;2;HCM_NM_TBNM1;HCM_NM_TBNM1_02;Kênh Thầy Cai – cách ngã 3 kênh 15 và kênh Thầy Cai khoảng 500 m về hướng dân cư.;TBNM1 - HCM_NM_TBNM1 - 02;TBNM1 - 02;TBNM1 - 02 (QC - Mẫu lặp hiện trường);TBNM1 - 02 (QC - Mẫu trắng hiện trường);TBNM1 - 02 (QC - Mẫu trắng vận chuyển);TBNM1 - 02 (QC - Mẫu trắng thiết bị)
TBNM11;1;HCM_NM_TBNM11;HCM_NM_TBNM11_01;Kênh 16 – giáp bãi chôn lấp số 3 (đầu kênh);TBNM11 - HCM_NM_TBNM11 - 01;TBNM11 - 01;TBNM11 - 01 (QC - Mẫu lặp hiện trường);TBNM11 - 01 (QC - Mẫu trắng hiện trường);TBNM11 - 01 (QC - Mẫu trắng vận chuyển);TBNM11 - 01 (QC - Mẫu trắng thiết bị)
TBNM11;2;HCM_NM_TBNM11;HCM_NM_TBNM11_02;Kênh 16 – giáp bãi chôn lấp số 3 (đầu kênh);TBNM11 - HCM_NM_TBNM11 - 02;TBNM11 - 02;TBNM11 - 02 (QC - Mẫu lặp hiện trường);TBNM11 - 02 (QC - Mẫu trắng hiện trường);TBNM11 - 02 (QC - Mẫu trắng vận chuyển);TBNM11 - 02 (QC - Mẫu trắng thiết bị)
TBNM14;1;HCM_NM_TBNM14;HCM_NM_TBNM14_01;Kênh 17 – Đầu kênh;TBNM14 - HCM_NM_TBNM14 - 01;TBNM14 - 01;TBNM14 - 01 (QC - Mẫu lặp hiện trường);TBNM14 - 01 (QC - Mẫu trắng hiện trường);TBNM14 - 01 (QC - Mẫu trắng vận chuyển);TBNM14 - 01 (QC - Mẫu trắng thiết bị)
TBNM14;2;HCM_NM_TBNM14;HCM_NM_TBNM14_02;Kênh 17 – Đầu kênh;TBNM14 - HCM_NM_TBNM14 - 02;TBNM14 - 02;TBNM14 - 02 (QC - Mẫu lặp hiện trường);TBNM14 - 02 (QC - Mẫu trắng hiện trường);TBNM14 - 02 (QC - Mẫu trắng vận chuyển);TBNM14 - 02 (QC - Mẫu trắng thiết bị)
TBNM15;1;HCM_NM_TBNM15;HCM_NM_TBNM15_01;Kênh 18 – Cách nhà máy Vietstar 300m về hướng ngược dòng chảy.;TBNM15 - HCM_NM_TBNM15 - 01;TBNM15 - 01;TBNM15 - 01 (QC - Mẫu lặp hiện trường);TBNM15 - 01 (QC - Mẫu trắng hiện trường);TBNM15 - 01 (QC - Mẫu trắng vận chuyển);TBNM15 - 01 (QC - Mẫu trắng thiết bị)
TBNM15;2;HCM_NM_TBNM15;HCM_NM_TBNM15_02;Kênh 18 – Cách nhà máy Vietstar 300m về hướng ngược dòng chảy.;TBNM15 - HCM_NM_TBNM15 - 02;TBNM15 - 02;TBNM15 - 02 (QC - Mẫu lặp hiện trường);TBNM15 - 02 (QC - Mẫu trắng hiện trường);TBNM15 - 02 (QC - Mẫu trắng vận chuyển);TBNM15 - 02 (QC - Mẫu trắng thiết bị)
TBNM5;1;HCM_NM_TBNM5;HCM_NM_TBNM5_01;Kênh Thầy Cai – cách kênh 18 khoảng 500 m, hướng về phía thượng nguồn.;TBNM5 - HCM_NM_TBNM5 - 01;TBNM5 - 01;TBNM5 - 01 (QC - Mẫu lặp hiện trường);TBNM5 - 01 (QC - Mẫu trắng hiện trường);TBNM5 - 01 (QC - Mẫu trắng vận chuyển);TBNM5 - 01 (QC - Mẫu trắng thiết bị)
TBNM5;2;HCM_NM_TBNM5;HCM_NM_TBNM5_02;Kênh Thầy Cai – cách kênh 18 khoảng 500 m, hướng về phía thượng nguồn.;TBNM5 - HCM_NM_TBNM5 - 02;TBNM5 - 02;TBNM5 - 02 (QC - Mẫu lặp hiện trường);TBNM5 - 02 (QC - Mẫu trắng hiện trường);TBNM5 - 02 (QC - Mẫu trắng vận chuyển);TBNM5 - 02 (QC - Mẫu trắng thiết bị)
TBNM9;1;HCM_NM_TBNM9;HCM_NM_TBNM9_01;Kênh 15 – Thượng nguồn - Cách bãi số 3 khoảng 500 m ngược hướng dòng chảy;TBNM9 - HCM_NM_TBNM9 - 01;TBNM9 - 01;TBNM9 - 01 (QC - Mẫu lặp hiện trường);TBNM9 - 01 (QC - Mẫu trắng hiện trường);TBNM9 - 01 (QC - Mẫu trắng vận chuyển);TBNM9 - 01 (QC - Mẫu trắng thiết bị)
TBNM9;2;HCM_NM_TBNM9;HCM_NM_TBNM9_02;Kênh 15 – Thượng nguồn - Cách bãi số 3 khoảng 500 m ngược hướng dòng chảy;TBNM9 - HCM_NM_TBNM9 - 02;TBNM9 - 02;TBNM9 - 02 (QC - Mẫu lặp hiện trường);TBNM9 - 02 (QC - Mẫu trắng hiện trường);TBNM9 - 02 (QC - Mẫu trắng vận chuyển);TBNM9 - 02 (QC - Mẫu trắng thiết bị)
TC18A;Triều Lên;HCM_NM_TC18A;HCM_NM_TC18A_L;Trước cổng công ty Fujifilm;TC18A - HCM_NM_TC18A - Triều Lên;TC18A - Triều Lên;TC18A - Triều Lên (QC - Mẫu lặp hiện trường);TC18A - Triều Lên (QC - Mẫu trắng hiện trường);TC18A - Triều Lên (QC - Mẫu trắng vận chuyển);TC18A - Triều Lên (QC - Mẫu trắng thiết bị)
TC18A;Triều Xuống;HCM_NM_TC18A;HCM_NM_TC18A_X;Trước cổng công ty Fujifilm;TC18A - HCM_NM_TC18A - Triều Xuống;TC18A - Triều Xuống;TC18A - Triều Xuống (QC - Mẫu lặp hiện trường);TC18A - Triều Xuống (QC - Mẫu trắng hiện trường);TC18A - Triều Xuống (QC - Mẫu trắng vận chuyển);TC18A - Triều Xuống (QC - Mẫu trắng thiết bị)
Tham Lương;Triều Lên;HCM_NM_TL;HCM_NM_TL_L;Khu vực cầu Tham Lương trên đường Trường Chinh;Tham Lương - HCM_NM_TL - Triều Lên;Tham Lương - Triều Lên;Tham Lương - Triều Lên (QC - Mẫu lặp hiện trường);Tham Lương - Triều Lên (QC - Mẫu trắng hiện trường);Tham Lương - Triều Lên (QC - Mẫu trắng vận chuyển);Tham Lương - Triều Lên (QC - Mẫu trắng thiết bị)
Tham Lương;Triều Xuống;HCM_NM_TL;HCM_NM_TL_X;Khu vực cầu Tham Lương trên đường Trường Chinh;Tham Lương - HCM_NM_TL - Triều Xuống;Tham Lương - Triều Xuống;Tham Lương - Triều Xuống (QC - Mẫu lặp hiện trường);Tham Lương - Triều Xuống (QC - Mẫu trắng hiện trường);Tham Lương - Triều Xuống (QC - Mẫu trắng vận chuyển);Tham Lương - Triều Xuống (QC - Mẫu trắng thiết bị)
Thầy Cai;Triều Lên;HCM_NM_TCa;HCM_NM_TCa_L;Tại khu vực cầu Thầy Cai.;Thầy Cai - HCM_NM_TCa - Triều Lên;Thầy Cai - Triều Lên;Thầy Cai - Triều Lên (QC - Mẫu lặp hiện trường);Thầy Cai - Triều Lên (QC - Mẫu trắng hiện trường);Thầy Cai - Triều Lên (QC - Mẫu trắng vận chuyển);Thầy Cai - Triều Lên (QC - Mẫu trắng thiết bị)
Thầy Cai;Triều Xuống;HCM_NM_TCa;HCM_NM_TCa_X;Tại khu vực cầu Thầy Cai.;Thầy Cai - HCM_NM_TCa - Triều Xuống;Thầy Cai - Triều Xuống;Thầy Cai - Triều Xuống (QC - Mẫu lặp hiện trường);Thầy Cai - Triều Xuống (QC - Mẫu trắng hiện trường);Thầy Cai - Triều Xuống (QC - Mẫu trắng vận chuyển);Thầy Cai - Triều Xuống (QC - Mẫu trắng thiết bị)
Thị Nghè 2;Triều Lên;HCM_NM_TN2;HCM_NM_TN2_L;Khu vực cầu Thị Nghè 2 trên đường Nguyễn Hữu Cảnh, gần Thảo Cầm Viên;Thị Nghè 2 - HCM_NM_TN2 - Triều Lên;Thị Nghè 2 - Triều Lên;Thị Nghè 2 - Triều Lên (QC - Mẫu lặp hiện trường);Thị Nghè 2 - Triều Lên (QC - Mẫu trắng hiện trường);Thị Nghè 2 - Triều Lên (QC - Mẫu trắng vận chuyển);Thị Nghè 2 - Triều Lên (QC - Mẫu trắng thiết bị)
Thị Nghè 2;Triều Xuống;HCM_NM_TN2;HCM_NM_TN2_X;Khu vực cầu Thị Nghè 2 trên đường Nguyễn Hữu Cảnh, gần Thảo Cầm Viên;Thị Nghè 2 - HCM_NM_TN2 - Triều Xuống;Thị Nghè 2 - Triều Xuống;Thị Nghè 2 - Triều Xuống (QC - Mẫu lặp hiện trường);Thị Nghè 2 - Triều Xuống (QC - Mẫu trắng hiện trường);Thị Nghè 2 - Triều Xuống (QC - Mẫu trắng vận chuyển);Thị Nghè 2 - Triều Xuống (QC - Mẫu trắng thiết bị)
Trung Tâm;Triều Lên;HCM_NM_TrT;HCM_NM_TrT_L;Khu vực Cầu Đường C, đường Trung Tâm, phường Tân Tạo;Trung Tâm - HCM_NM_TrT - Triều Lên;Trung Tâm - Triều Lên;Trung Tâm - Triều Lên (QC - Mẫu lặp hiện trường);Trung Tâm - Triều Lên (QC - Mẫu trắng hiện trường);Trung Tâm - Triều Lên (QC - Mẫu trắng vận chuyển);Trung Tâm - Triều Lên (QC - Mẫu trắng thiết bị)
Trung Tâm;Triều Xuống;HCM_NM_TrT;HCM_NM_TrT_X;Khu vực Cầu Đường C, đường Trung Tâm, phường Tân Tạo;Trung Tâm - HCM_NM_TrT - Triều Xuống;Trung Tâm - Triều Xuống;Trung Tâm - Triều Xuống (QC - Mẫu lặp hiện trường);Trung Tâm - Triều Xuống (QC - Mẫu trắng hiện trường);Trung Tâm - Triều Xuống (QC - Mẫu trắng vận chuyển);Trung Tâm - Triều Xuống (QC - Mẫu trắng thiết bị)
Trường Đai;Triều Lên;HCM_NM_TĐ;HCM_NM_TĐ_L;Tại khu vực cầu Trường Đai;Trường Đai - HCM_NM_TĐ - Triều Lên;Trường Đai - Triều Lên;Trường Đai - Triều Lên (QC - Mẫu lặp hiện trường);Trường Đai - Triều Lên (QC - Mẫu trắng hiện trường);Trường Đai - Triều Lên (QC - Mẫu trắng vận chuyển);Trường Đai - Triều Lên (QC - Mẫu trắng thiết bị)
Trường Đai;Triều Xuống;HCM_NM_TĐ;HCM_NM_TĐ_X;Tại khu vực cầu Trường Đai;Trường Đai - HCM_NM_TĐ - Triều Xuống;Trường Đai - Triều Xuống;Trường Đai - Triều Xuống (QC - Mẫu lặp hiện trường);Trường Đai - Triều Xuống (QC - Mẫu trắng hiện trường);Trường Đai - Triều Xuống (QC - Mẫu trắng vận chuyển);Trường Đai - Triều Xuống (QC - Mẫu trắng thiết bị)
Vàm Sát;Triều Lên;HCM_NM_VS;HCM_NM_VS_L;Xã Cần Giờ - Hạ lưu cửa sông Vàm Sát 150m sông Đồng Nai.;Vàm Sát - HCM_NM_VS - Triều Lên;Vàm Sát - Triều Lên;Vàm Sát - Triều Lên (QC - Mẫu lặp hiện trường);Vàm Sát - Triều Lên (QC - Mẫu trắng hiện trường);Vàm Sát - Triều Lên (QC - Mẫu trắng vận chuyển);Vàm Sát - Triều Lên (QC - Mẫu trắng thiết bị)
Vàm Sát;Triều Xuống;HCM_NM_VS;HCM_NM_VS_X;Xã Cần Giờ - Hạ lưu cửa sông Vàm Sát 150m sông Đồng Nai.;Vàm Sát - HCM_NM_VS - Triều Xuống;Vàm Sát - Triều Xuống;Vàm Sát - Triều Xuống (QC - Mẫu lặp hiện trường);Vàm Sát - Triều Xuống (QC - Mẫu trắng hiện trường);Vàm Sát - Triều Xuống (QC - Mẫu trắng vận chuyển);Vàm Sát - Triều Xuống (QC - Mẫu trắng thiết bị)
Xóm Củi;Triều Lên;HCM_NM_XC;HCM_NM_XC_L;Trên cầu Xóm Củi giao giữa đường Nguyễn Văn Linh và rạch Hiệp An;Xóm Củi - HCM_NM_XC - Triều Lên;Xóm Củi - Triều Lên;Xóm Củi - Triều Lên (QC - Mẫu lặp hiện trường);Xóm Củi - Triều Lên (QC - Mẫu trắng hiện trường);Xóm Củi - Triều Lên (QC - Mẫu trắng vận chuyển);Xóm Củi - Triều Lên (QC - Mẫu trắng thiết bị)
Xóm Củi;Triều Xuống;HCM_NM_XC;HCM_NM_XC_X;Trên cầu Xóm Củi giao giữa đường Nguyễn Văn Linh và rạch Hiệp An;Xóm Củi - HCM_NM_XC - Triều Xuống;Xóm Củi - Triều Xuống;Xóm Củi - Triều Xuống (QC - Mẫu lặp hiện trường);Xóm Củi - Triều Xuống (QC - Mẫu trắng hiện trường);Xóm Củi - Triều Xuống (QC - Mẫu trắng vận chuyển);Xóm Củi - Triều Xuống (QC - Mẫu trắng thiết bị)
Xuân Thới Sơn;Triều Lên;HCM_NM_XTS;HCM_NM_XTS_L;Dọc đường Thanh Niên đối diện với cơ sở xã hội Nhị Xuân;Xuân Thới Sơn - HCM_NM_XTS - Triều Lên;Xuân Thới Sơn - Triều Lên;Xuân Thới Sơn - Triều Lên (QC - Mẫu lặp hiện trường);Xuân Thới Sơn - Triều Lên (QC - Mẫu trắng hiện trường);Xuân Thới Sơn - Triều Lên (QC - Mẫu trắng vận chuyển);Xuân Thới Sơn - Triều Lên (QC - Mẫu trắng thiết bị)
Xuân Thới Sơn;Triều Xuống;HCM_NM_XTS;HCM_NM_XTS_X;Dọc đường Thanh Niên đối diện với cơ sở xã hội Nhị Xuân;Xuân Thới Sơn - HCM_NM_XTS - Triều Xuống;Xuân Thới Sơn - Triều Xuống;Xuân Thới Sơn - Triều Xuống (QC - Mẫu lặp hiện trường);Xuân Thới Sơn - Triều Xuống (QC - Mẫu trắng hiện trường);Xuân Thới Sơn - Triều Xuống (QC - Mẫu trắng vận chuyển);Xuân Thới Sơn - Triều Xuống (QC - Mẫu trắng thiết bị)
